Seq ID	Sequence	K* Lower Bound	K* Upper Bound	K* Lower (log10)	K* Upper (log10)	Total # Confs.	Complex Pfunc Lower	Complex Pfunc Upper	Complex Free Energy Lower	Complex Free Energy Upper	Complex Epsilon	Complex # Confs.	Protein Pfunc Lower	Protein Pfunc Upper	Protein Free Energy Lower	Protein Free Energy Upper	Protein Epsilon	Protein # Confs.	Ligand Pfund Lower	Ligand Pfund Upper	Ligand Free Energy Lower	Ligand Free Energy Upper	Ligand Epsilon	Ligand # Confs.	Time (sec)
0	B8=lys	3.740541e+07	4.865348e+07	7.572934444622178	7.68711395174583	13	7.213491e+11	7.564627e+11	-16.221060097244507	-16.192872453695664	0.04641808523854882	6	1.000000e+00	1.000000e+00	-0.0	-0.0	0.0	1	1.554797e+04	1.928462e+04	-5.851663414530716	-5.723933406898384	0.1937634417526832	6	74
1	B8=ALA	1.193743e+03	1.193743e+03	3.076910885622692	3.076910885622692	3	8.499057e+04	8.499057e+04	-6.731294650537979	-6.731294650537979	0.0	1	1.000000e+00	1.000000e+00	-0.0	-0.0	0.0	1	7.119670e+01	7.119670e+01	-2.529623700421377	-2.529623700421377	0.0	1	75
2	B8=ARG	9.779524e+05	1.155265e+06	5.990317709899383	6.062681799979791	13	2.680128e+11	3.070387e+11	-15.68631889358433	-15.605700294274376	0.12710405320559953	7	1.000000e+00	1.000000e+00	-0.0	-0.0	0.0	1	2.657732e+05	2.740551e+05	-7.425631114740897	-7.407433041607334	0.030219531716561544	5	80
3	B8=ASN	9.217499e+03	9.217604e+03	3.964613103339521	3.96461803770428	14	4.658853e+06	4.658906e+06	-9.105864970341305	-9.10585823222706	1.1361730194039014E-5	6	1.000000e+00	1.000000e+00	-0.0	-0.0	0.0	1	5.054357e+02	5.054357e+02	-3.691986877489362	-3.691986877489362	0.0	7	83
4	B8=ASP	0.000000e+63	Infinity	-Infinity	Infinity	6	0.000000e+00	Infinity	-Infinity	Infinity	NaN	0	1.000000e+00	1.000000e+00	-0.0	-0.0	0.0	1	2.490654e+00	2.490654e+00	-0.5411852269219114	-0.5411852269219114	0.0	5	83
5	B8=CYS	1.300231e+04	1.300231e+04	4.114020401347504	4.114020401347504	7	3.466033e+06	3.466033e+06	-8.930458526134958	-8.930458526134958	0.0	3	1.000000e+00	1.000000e+00	-0.0	-0.0	0.0	1	2.665706e+02	2.665706e+02	-3.312564264296226	-3.312564264296226	0.0	3	85
6	B8=GLN	1.806416e+05	1.959642e+05	5.256817837121834	5.292176836001453	13	9.131412e+07	9.132471e+07	-10.870569179343658	-10.870500415260787	1.1594313683672203E-4	6	1.000000e+00	1.000000e+00	-0.0	-0.0	0.0	1	4.660274e+02	5.054988e+02	-3.6920608642499886	-3.643845201535872	0.0780839889351606	6	88
7	B8=GLU	2.392057e+03	2.392066e+03	3.378771536245191	3.378773157569219	16	5.369081e+04	5.369081e+04	-6.458907594009089	-6.458907594009089	1.862516296226818E-64	8	1.000000e+00	1.000000e+00	-0.0	-0.0	0.0	1	2.244537e+01	2.244545e+01	-1.8450312944849847	-1.8450290804884393	3.7332295706122045E-6	7	92
8	B8=GLY	2.251359e+02	2.251359e+02	2.352444701795263	2.352444701795263	3	1.045306e+04	1.045306e+04	-5.488472014727792	-5.488472014727792	0.0	1	1.000000e+00	1.000000e+00	-0.0	-0.0	0.0	1	4.643003e+01	4.643003e+01	-2.2760947530156614	-2.2760947530156614	0.0	1	93
9	B8=HIS	2.765546e+06	2.770604e+06	6.441780887544709	6.442574397909812	13	1.308300e+12	1.308569e+12	-16.54607294529695	-16.545951021298567	2.0556687002817707E-4	6	1.000000e+00	1.000000e+00	-0.0	-0.0	0.0	1	4.723045e+05	4.730710e+05	-7.74938699057416	-7.748425337708084	0.0016202231550070682	6	96
10	B8=ILE	4.824190e+03	4.824190e+03	3.683424390751569	3.683424390751569	15	8.737821e+05	8.737821e+05	-8.11327394854934	-8.11327394854934	0.0	7	1.000000e+00	1.000000e+00	-0.0	-0.0	0.0	1	1.811251e+02	1.811251e+02	-3.0833794098780536	-3.0833794098780536	0.0	7	100
11	B8=LEU	3.453653e+03	3.453653e+03	3.538278681142377	3.538278681142377	11	9.770852e+05	9.770852e+05	-8.179543048926803	-8.179543048926803	0.0	5	1.000000e+00	1.000000e+00	-0.0	-0.0	0.0	1	2.829135e+02	2.829135e+02	-3.34785201184168	-3.34785201184168	3.5346487266628904E-64	5	103
12	B8=MET	5.105199e+04	8.197248e+04	4.708012697797807	4.913668082451157	13	6.652495e+07	6.885791e+07	-10.703105837495285	-10.682664608051764	0.033880706474790794	6	1.000000e+00	1.000000e+00	-0.0	-0.0	0.0	1	8.400125e+02	1.303082e+03	-4.253645075003496	-3.9932539087248475	0.35536503160547234	6	106
13	B8=PHE	2.496669e+04	2.496669e+04	4.397360958051024	4.397360958051024	9	7.040331e+07	7.040331e+07	-10.71626873153306	-10.71626873153306	0.0	4	1.000000e+00	1.000000e+00	-0.0	-0.0	0.0	1	2.819890e+03	2.819890e+03	-4.711459206189671	-4.711459206189671	3.546237911351182E-64	4	109
14	B8=PRO	1.758174e+03	1.758174e+03	3.245061811662456	3.245061811662456	5	1.429448e+05	1.429448e+05	-7.039632174592662	-7.039632174592662	0.0	2	1.000000e+00	1.000000e+00	-0.0	-0.0	0.0	1	8.130298e+01	8.130298e+01	-2.608342984806601	-2.608342984806601	0.0	2	110
15	B8=SER	2.119433e+03	3.814989e+03	3.326219682278844	3.581493287073541	16	1.719879e+06	2.206618e+06	-8.662666841773474	-8.514874607298959	0.2205813593193019	6	1.000000e+00	1.000000e+00	-0.0	-0.0	0.0	1	5.784074e+02	8.114807e+02	-3.972760411518877	-3.7719641657064957	0.28721983306481963	9	113
16	B8=THR	5.336844e+04	8.714094e+04	4.727284485784946	4.940222226862624	12	2.366624e+07	2.409977e+07	-10.080496430075106	-10.069730979593505	0.017988913555103854	6	1.000000e+00	1.000000e+00	-0.0	-0.0	0.0	1	2.765608e+02	4.434502e+02	-3.614394885958209	-3.334383530049312	0.37634290400645776	5	115
17	B8=TRP	1.229511e+04	1.229511e+04	4.089732588359726	4.089732588359726	14	1.464580e+08	1.464580e+08	-11.150676836998134	-11.150676836998134	6.827898200281118E-64	6	1.000000e+00	1.000000e+00	-0.0	-0.0	0.0	1	1.191188e+04	1.191188e+04	-5.565948761008155	-5.565948761008155	0.0	7	119
18	B8=TYR	5.001896e+02	5.009175e+02	2.699134622193885	2.699766219021586	14	4.772348e+06	4.772348e+06	-9.120132359581193	-9.120132359581193	0.0	7	1.000000e+00	1.000000e+00	-0.0	-0.0	0.0	1	9.527213e+03	9.541078e+03	-5.434333207737742	-5.433470731656444	0.0014532484505476962	6	124
19	B8=VAL	5.553943e+03	5.553943e+03	3.744601422343622	3.744601422343622	7	3.118726e+05	3.118726e+05	-7.502292163015818	-7.502292163015818	0.0	3	1.000000e+00	1.000000e+00	-0.0	-0.0	0.0	1	5.615336e+01	5.615336e+01	-2.388857422496054	-2.388857422496054	0.0	3	125
