sequence	kstar_score
B3=leu B5=arg B9=val B12=leu	21.026545 in [21.026200,21.487627] (log10)
B3=leu B5=arg B9=val B12=GLY	15.331076 in [15.330927,15.690712] (log10)
B3=leu B5=arg B9=val B12=ASN	18.931045 in [18.931033,19.124303] (log10)
B3=leu B5=arg B9=val B12=ALA	17.880791 in [17.880698,17.888332] (log10)
B3=leu B5=arg B9=GLY B12=leu	21.000714 in [21.000133,21.047607] (log10)
B3=leu B5=arg B9=ASN B12=leu	23.716257 in [23.697302,24.014705] (log10)
B3=leu B5=arg B9=ALA B12=leu	20.506114 in [20.505339,20.943202] (log10)
B3=leu B5=GLY B9=val B12=leu	none      in [-Infinity, Infinity] (log10)
B3=leu B5=ASN B9=val B12=leu	16.777409 in [16.765877,17.195545] (log10)
B3=leu B5=ALA B9=val B12=leu	none      in [-Infinity, Infinity] (log10)
B3=GLY B5=arg B9=val B12=leu	20.025942 in [20.024590,20.034039] (log10)
B3=ASN B5=arg B9=val B12=leu	21.133356 in [21.127358,21.400941] (log10)
B3=ALA B5=arg B9=val B12=leu	21.069734 in [21.068964,21.092696] (log10)
